LY712X,fx-100AU PLUS ,AU PLUS 
LY727X,fx-115ES PLUS ,ES PLUS 
LY726X,fx-300ES PLUS ,ES PLUS 
GY452X,fx-350ES PLUS ,ES PLUS 
CY221X,fx-350LA PLUS ,LA PLUS 
GY-456,fx-373ES,JP PLUS 
GY456X,fx-373ES,JP PLUS 
LY717X,fx-375ES,JP PLUS 
GY-460,fx-500VN PLUS ,VN PLUS 
GY460X,fx-500VN PLUS ,VN PLUS 
GY-467,fx-510AZ,JP PLUS 
GY467X,fx-510AZ,JP PLUS 
LY719X,fx-520AZ,JP PLUS 
LY-707,fx-55 PLUS ,ES PLUS 
GY-454,fx-570ES PLUS ,ES PLUS 
GY454X,fx-570ES PLUS ,ES PLUS 
CY222X,fx-570LA PLUS ,LA PLUS 
LY710X,fx-570VN PLUS ,VN PLUS 
GY466X,fx-570VN PLUS ,VN PLUS 
GY-466,fx-573ES,ES PLUS 
GY459X,fx-82AU PLUS ,AU PLUS 
LY711X,fx-82AU PLUS II,AU PLUS 
LY721X,fx-82DE PLUS ,DE PLUS 
GY-450,fx-82ES PLUS ,ES PLUS 
GY450X,fx-82ES PLUS ,ES PLUS 
LY713X,fx-82ES PLUS A,CN PLUS 
CY220X,fx-82LA PLUS ,LA PLUS 
GY465X,fx-83GT PLUS ,GT PLUS 
LY722X,fx-85DE PLUS ,DE PLUS 
GY-451,fx-85ES PLUS ,ES PLUS 
LY720X,fx-85GT PLUS ,GT PLUS 
GY-462,fx-86DE PLUS ,DE PLUS 
LY723X,fx-86DE PLUS ,DE PLUS 
CY255X,fx-87DE PLUS ,DE PLUS 
GY-457,fx-913ES,ES PLUS 
GY457X,fx-913ES,JP PLUS 
LY718X,fx-915ES,JP PLUS 
GY-463,fx-92 Collège 2D PLUS ,92 PLUS 
GY-468,fx-92 Collège 2D PLUS ,92 PLUS 
GY468X,fx-92 Collège 2D PLUS ,92 PLUS 
GY-461,fx-92B Collège 2D PLUS ,92 PLUS 
GY461X,fx-95ES PLUS ,ES PLUS 
GY-458,fx-95SG PLUS ,SG PLUS 
GY458X,fx-95SG PLUS ,SG PLUS 
LY708X,fx-96SG PLUS ,SG PLUS 
LY724X,fx-991DE PLUS ,DE PLUS 
GY-455,fx-991ES PLUS ,ES PLUS 
GY455X,fx-991ES PLUS ,ES PLUS 
LY727X,fx-991ES PLUS C,ES PLUS 
LY709X,fx-991ID PLUS ,ID PLUS 
CY223X,fx-991LA PLUS ,LA PLUS 
GY-467,fx-993ES,JP PLUS 
GY467X,fx-993ES,JP PLUS 
LY719X,fx-995ES,JP PLUS 
CY-840,fx-82ES PLUS 2,ES PLUS 2
CY-841,fx-85ES PLUS 2,ES PLUS 2
CY-842,fx-350ES PLUS 2,ES PLUS 2
CY-843,fx-95ES PLUS 2,ES PLUS 2
CY-844,fx-570ES PLUS 2,ES PLUS 2
CY-845,fx-991ES PLUS 2,ES PLUS 2
CY-846,fx-300ES PLUS 2,ES PLUS 2
CY-847,fx-115ES PLUS 2,ES PLUS 2
CY-847,fx-991ES PLUS C 2,ES PLUS 2
CY-848,fx-82ZA PLUS II 2,ZA PLUS 2
CY-849,fx-991ZA PLUS II 2,ZA PLUS 2
CY-850,fx-82LA PLUS 2,LA PLUS 2
CY-851,fx-350LA PLUS 2,LA PLUS 2
CY-852,fx-570LA PLUS 2,LA PLUS 2
CY-853,fx-991LA PLUS 2,LA PLUS 2
CY-856,fx-87DE PLUS 2,DE PLUS 2
CY-857,fx-375ES A,JP PLUS 2
CY-858,fx-82ES PLUS A 2,CN PLUS 2
CY-859,fx-991ID PLUS 2,ID PLUS 2
CY-860,fx-570VN PLUS 2,VN PLUS 2
CY-863,fx-82AU PLUS II 2,AU PLUS 2
CY-864,fx-100AU PLUS 2,AU PLUS 2
CY-213,fx-83GT X,GTX
CY-214,fx-85GT X,GTX
CY-215,fx-82DE X,DEX
CY-216,fx-85DE X,DEX
CY-217,fx-991RS X ,RSX
CY-230,fx-82EX,EX
CY-231,fx-85EX,EX
CY-232,fx-350EX,EX
CY-233,fx-570EX,EX
CY-234,fx-991EX,EX
CY-236,fx-82CN X,CNX
CY-237,fx-350CN X,CNX
CY-238,fx-95CN X,CNX
CY-239,fx-991CN X,CNX
CY-240,fx-530AZ,JPX
CY-241,fx-JP500,JPX
CY-242,fx-JP700,JPX
CY-243,fx-JP900,JPX
CY-246,fx-92 Spéciale Collège,92X
CY-247,fx-92B Spéciale Collège,93X
CY-250,fx-87DE X,DEX
CY-251,fx-991DE X,DEX
CY-252,fx-82SP X,SPX
CY-253,fx-350SP X,SPX
CY-254,fx-570SP X,SPX
CY-255,fx-991SP X,SPX
CY-256,fx-82AR X,ARX
CY-257,fx-95AR X,ARX
CY-258,fx-570AR X,ARX
CY-259,fx-991AR X,ARX
CY-266,fx-82SP X II,SPX
CY-267,fx-350SP X II,SPX
CY-268,fx-570SP X II,SPX
CY-269,fx-991SP X II,SPX
CY-270,fx-82LA X,LAX
CY-271,fx-350LA X,LAX
CY-272,fx-570LA X,LAX
CY-273,fx-991LA X,LAX
CY-291,fx-82CE X,CEX
CY-292,fx-85CE X,CEX
CY-293,fx-350CE X,CEX
CY-294,fx-991CE X,CEX
CY-295,fx-92 PLUS  Spéciale Collège,92X
CY-296,fx-85SP X II,SPX
CY-297,fx-97SG X,SGX
CY-298,fx-580VN X,VNX
CY-23A,CY-23A,EX
CY-23B,CY-23B,EX
CY-23C,CY-23C,EX
CY-23D,CY-23D,EX
CY-000,CY-000,EX
